"","Barri","Any","all","violence","property_vh","property_personal","damage","other","TOTAL.x","all_rate","violence_rate","property_vh_rate","property_personal_rate","damage_rate","other_rate","sample.r","TOTAL.y","violence.r","violence.r.w","violence.r.wo","property_personal.r","property_personal.r.w","property_personal.r.wo","property_vh.r","property_vh.r.w","property_vh.r.wo","damage.r","damage.r.w","damage.r.wo","sample.f","violence.f.nw","violence.f.w","violence.f.w2","violence.f.wo","property_personal.f.nw","property_personal.f.w","property_personal.f.w2","property_personal.f.wo","property_vh.f.nw","property_vh.f.w","property_vh.f.w2","property_vh.f.wo","sample.p","violence.p","violence.p.w","violence.p.w2","violence.p.wo","property_personal.p","property_personal.p.w","property_personal.p.w2","property_personal.p.wo","property_vh.p","property_vh.p.w","property_vh.p.w2","property_vh.p.wo","sample.rp","violence.rp","violence.rp.w","violence.rp.w2","violence.rp.wo","property_personal.rp","property_personal.rp.w","property_personal.rp.w2","property_personal.rp.wo","property_vh.rp","property_vh.rp.w","property_vh.rp.w2","property_vh.rp.wo"
"1","el raval","2015-20",15738.8686723973,2059.64756446991,369.021489971347,11175.1480420248,489.229226361032,1645.8223495702,48297,325.876735043529,42.6454555038597,7.64067105557999,231.383896350184,10.1295986574949,34.0771134764106,808,48297,237,260.78280502773,152.715872784601,484,548.768594859477,321.361965992478,281,339.299636498865,198.695769523272,NA,NA,NA,812,162,209.636973641727,59.6922356471751,126.551410685206,424,576.841941191937,191.27069741714,350.32190203904,169,207.133989622518,60.5932997847225,122.768590007747,127,26,34.5505190651151,22.9183899474664,21.1945439545248,62,92.4261916577874,72.9813223243786,55.5791169339124,29,35.8511710647632,26.0819565042765,21.3918090253119,133,26,25.14953010045,15.7384810554054,14.7277058355302,58,66.188769747021,45.0967681360621,38.7605146718953,43,49.6844339444564,31.8284508940643,29.0954830891926
"2","el barri gòtic","2015-20",15086.9345749761,1128.63323782235,245.881566380134,12671.1418338109,211.389207258835,829.888729703916,19180,786.597214545157,58.8442772587252,12.8196854212791,660.643474129869,11.021335102129,43.2684426331552,275,19180,90,308.297331452022,60.0241765453471,151,502.780845493672,97.8892878877466,76,281.407918969458,54.7889225311382,NA,NA,NA,402,61,226.911924574717,49.1856189570417,52.5107735280868,240,887.616011861606,272.183771212776,214.44726191085,78,276.043368583905,84.7141103196066,61.2430838697093,84,9,31.0568577525037,24.034709660525,7.42101107807256,46,184.928285443301,120.583279254626,45.0923820540898,24,80.717751868617,46.7992521876747,17.9155590990362,46,12,41.053665327415,22.4529103993359,7.99297367849529,18,56.2871332901306,41.6905829291934,10.9588649694948,14,55.9010446377183,36.0844193387228,10.8836951542862
"3","la barceloneta","2015-20",10172.8170964661,965.09694364852,568.297516714422,7902.59312320917,248.07258834766,488.756924546323,15173,670.455222860746,63.6062046825624,37.4545255858711,520.83260549721,16.3496070880946,32.2122800070074,297,15173,43,124.736396562878,27.3099983191531,141,447.837245771926,98.0502464901671,125,380.872924011071,83.388964257196,NA,NA,NA,248,27,96.8874515492089,18.3579819216817,19.3583937046321,125,591.57914602296,163.00384360569,115.636241417823,66,235.869680883703,87.707222929714,50.2654408009845,57,7,21.2878585625154,10.3022422326914,4.12130291530644,29,133.095629990807,94.094464686725,25.8226113979519,16,55.7752406888117,34.9813420370776,11.5176330994685,45,5,12.7753878225127,7.87116826746043,2.79706508744203,15,41.1925327137201,39.9732838694104,9.01876300880851,18,53.5315469754279,33.5407304760324,11.7202877283989
"4","sant pere, santa caterina i la ribera","2015-20",7563.0558739255,1024.61891117479,406.795606494747,5315.47994269341,316.833333333333,499.328080229226,23170,326.415877165537,44.2217915914884,17.5569963959753,229.41216843735,13.6742914688534,21.5506292718699,450,23170,131,286.320484647963,92.9502576883896,297,630.291893305945,204.616145343994,197,417.524676455177,135.544008719763,NA,NA,NA,455,88,209.42764861345,43.9731105578165,65.3629816646661,213,579.358253413595,181.963188784156,175.15996761173,101,265.466763618762,81.2318684060294,81.5823303404806,63,12,26.9316596440353,20.330025609403,8.25527300157447,30,94.0529097472188,73.0160700246896,28.1821013616901,21,61.3342128566431,51.2168931028637,19.1508445780336,75,14,26.4778264623404,17.6474898305696,8.59568534095281,33,68.1576745255899,49.9300413949399,22.1265112008465,27,64.6158174625591,45.5252027128289,20.9766929225318
"5","el fort pienc","2015-20",3923.34670487106,444.231136580707,233.66141356256,2783.83046800382,211.09264565425,250.531041069723,32649,120.16743866186,13.6062708377196,7.15677091373579,85.2654129683549,6.46551642176637,7.6734675202831,265,32649,24,101.82731560815,39.7726063221445,91,360.12352990617,140.660207889765,75,284.992000407971,111.314675924536,NA,NA,NA,94,12,36.0373209019438,10.0935699054875,14.6155666007898,40,114.03197323235,44.7749119188568,46.377223639093,28,100.217183311722,48.6089700105183,40.0136997053689,22,5,14.8792315115439,9.388777813164,6.01852071806997,11,23.3403255840832,18.0910505557973,9.48445634647026,6,21.6607060763517,14.0311485088885,8.50128421021404,32,5,20.2223963171963,16.0956560590966,7.89864097674256,11,40.5645982464002,27.5972271362105,15.8440766805493,15,59.9489849772542,39.7359370487841,23.4154005206993
"6","la sagrada família","2015-20",6134.06829035339,538.74594078319,337.477554918816,4671.38347659981,308.71776504298,277.743553008596,51911,118.165095843913,10.378261655202,6.50107982737408,89.9883160909982,5.94705871670705,5.3503795536321,457,51911,67,148.160580512104,98.2846789900237,150,323.610274045403,214.672025396308,116,252.281674301575,167.355063594466,NA,NA,NA,191,27,48.7115151039973,12.4801798517601,31.9115915374977,88,155.408831334283,64.9467479499331,104.475729984472,50,106.259422259915,46.132464553953,71.1110603147115,53,12,22.5491886888288,14.1986964575881,15.0111301484731,17,33.277673342134,24.8119728827322,22.4720227072712,16,33.651574437852,22.2993063448448,22.3270714877562,67,14,27.6001450193683,16.7005134815235,18.3089954421791,23,46.2806689405011,33.9487520886855,30.7010182771869,21,49.5930431703628,35.0956369557516,32.8983344374741
"7","la dreta de l'eixample","2015-20",23875.1852913085,1570.48853868195,1071.96513849093,19744.476599809,603.005730659026,885.249283667622,44215,539.979312253952,35.5193608205801,24.2443772134101,446.556069202962,13.6380352970491,20.0214697199507,393,44215,43,105.875661808534,60.3198138167996,159,407.475155954879,232.148022711943,113,275.978782049381,157.231496514376,NA,NA,NA,730,105,197.830465231771,56.3608036466941,110.826771476289,481,855.479058025749,300.567361694258,481.884680781209,100,195.360931875179,81.4074562910015,109.218755348761,146,19,41.3651883396003,19.820732168482,23.6244153858232,86,153.913928280252,101.299816123197,86.4660979330273,35,72.643785893394,50.1208911073105,40.641229194679,51,5,12.32355606089,9.25421398958991,7.02101497602029,23,62.699950789736,41.5666857142211,35.7216124400605,19,53.3911797205442,41.9065611165301,30.4181902166199
"8","l'antiga esquerra de l'eixample","2015-20",6084.79321872015,739.70582617001,514.707736389685,4134.25071633238,351.812320916905,344.316618911175,43112,141.139200656897,17.1577710653649,11.9388508162387,95.8955909336699,8.16042681659179,7.98656102503189,377,43112,48,131.681038060463,72.6494002406084,103,239.17998031556,131.957359809902,106,274.482624881406,151.434089279778,NA,NA,NA,235,35,77.0767237412873,27.3152781183792,42.6762776632942,98,187.480802576573,73.1441609240868,101.98255726219,70,153.993958607605,57.116042328297,85.6267847398213,62,11,24.1623771737053,20.7210329096403,12.9872621002228,22,45.6708387384633,33.8147269070186,25.4056282841742,24,52.2029301143491,35.3429043025771,29.0956748300011,60,6,13.458276226941,4.65037710153925,7.42503028956047,24,54.2738427034366,39.8463717760417,29.9432794518777,27,79.3320778787139,38.7228681459673,43.7680926777282
"9","la nova esquerra de l'eixample","2015-20",5394.93696275072,692.849570200573,387.397325692455,3641.89446036294,376.269340974212,296.526265520535,58642,91.9978336815033,11.8149034855662,6.60614108816982,62.1038583329856,6.41637974445299,5.05655103032869,545,58642,67,129.778670318329,101.344130634621,175,321.475534975299,251.040163475694,125,232.640077392633,181.668577249998,NA,NA,NA,157,26,41.3614507656861,15.928847867739,32.3785397777107,55,79.6717881981919,30.4017981417626,62.006200360853,55,92.1867198542591,40.3021226755114,71.2434773539747,50,5,8.15649376172564,5.29482818359775,6.38246272936758,16,21.8472269132321,15.2147875804072,16.9487401856495,27,49.1019297277224,32.9805548638383,37.8961603611518,84,12,22.3994411686044,15.5697927334812,17.4917179099264,35,63.9203972708056,43.6331424362852,49.9154219667984,34,62.9225277277971,47.1314449528466,49.1361858945308
"10","sant antoni","2015-20",6912.06017191977,789.619866284623,365.555396370583,4951.08261700095,340.367239732569,465.435052531041,38566,179.226784523149,20.4745077603232,9.478696166846,128.379469403126,8.82557796329848,12.0685332295556,365,38566,56,142.620357696602,75.2849372991374,139,381.577348164266,201.423045035613,101,254.926026274729,134.567674727326,NA,NA,NA,252,38,79.0702195338252,21.2828786247283,39.6823096634168,102,216.98072921074,90.7528279183068,109.007473244119,60,138.305459598665,50.6511889000678,71.0945123609069,50,5,8.5021844853078,6.12360566193311,4.34561015991986,26,55.592980050929,36.9649208806044,27.6949700289164,15,34.9439084156961,28.3457734225005,18.3859697939491,37,5,9.68631679614594,6.73114821238898,5.11311123064727,19,57.5697776713444,48.6963886863322,30.3893299127218,9,27.1499777801992,27.1499777801992,14.3316452704701
"11","el poble sec-parc montjuic","2015-20",8113.8629417383,1084.49522445081,1025.65902578797,5033.62464183381,427.195319961796,542.888729703916,40409,200.793460410757,26.8379624452674,25.3819452544722,124.566919296043,10.5717864822637,13.4348469327109,515,40409,101,203.620710808566,104.630277633925,216,423.42522149403,217.57658298216,159,309.524794076559,159.048973997842,NA,NA,NA,304,55,104.825030884932,27.0203738983053,55.473885368117,134,261.348967434175,110.507148926983,134.029934116818,65,111.177932289001,34.9749666008239,57.5080907419563,70,8,17.5760886570318,11.3903304550543,9.49933541761648,39,74.1912939571627,50.5525663743703,38.6532512466301,13,23.5008428018465,22.6493971869026,12.0864867911817,49,10,18.9249938924933,13.7302569936563,9.72458723539925,25,51.5640886622549,42.6290784447241,26.4961500784873,10,19.0541787227419,18.202733107798,9.79096871791803
"12","la marina del prat vermell-zona franca","2015-20",938.712989493792,93.0348615090736,141.438395415473,408.462273161414,88.383476599809,207.393982808023,1199,782.9132522884,77.5937126847986,117.963632540011,340.66911856665,73.7143257713169,172.972462725624,4,1199,0,0,0,0,0,0,0,0,0,NA,NA,NA,11,6,406.292695295454,235.578793240014,6.00824675051616,4,195.176777460257,34.7754307301865,3.13069961532869,0,0,0,0,7,5,376.310841316938,238.815555527919,5.57979256469122,1,60.1242928954189,7.51553661192736,1.12893347066053,0,0,0,0,0,0,0,0,0,0,0,0,0,0,0,0,0
"13","la marina de port","2015-20",1927.00525310411,342.299904489016,224.130850047756,915.486150907354,198.115568290353,246.972779369627,31087,61.9874948725868,11.011030478625,7.20979348434251,29.449163666721,6.37293943739677,7.94456780550158,434,31087,47,110.779801986563,41.0455538313272,113,261.99658093414,97.0736052377152,67,137.677111193434,51.0114044030983,NA,NA,NA,62,9,11.8469008139538,5.91856689840455,4.5984328206172,20,56.5553091582945,23.0445310561635,20.7812140808221,26,44.4564744334745,19.7213651519867,16.6450755677807,20,4,6.24622587525942,4.84114010912281,2.52329998443619,5,14.5040157612362,11.4047304206237,5.37395219184855,9,14.2408737565311,9.74816393363322,5.27645419017567,47,9,15.2853131349372,10.9391837365906,5.66343441546188,20,54.4288083778723,40.6213714264621,20.1666778978349,15,24.9425957223727,17.8703241416376,9.24160033739596
"14","la font de la guatlla","2015-20",617.593123209169,109.375835721108,80.1160458452722,313.603151862464,69.018147086915,45.4799426934097,10373,59.5385253262479,10.5442818587784,7.72351738602836,30.2326377964392,6.65363415472043,4.38445413028148,146,10373,24,161.139627352488,23.7009302779299,63,502.798634677371,73.9532266526787,56,401.690604171765,59.0819350844649,NA,NA,NA,40,8,69.6915147589116,9.86321522727388,9.98077573050401,5,44.067912788243,15.8200083635702,6.21197463697915,19,131.24341529123,37.197935693722,18.7022592858772,7,0,0,0,0,3,26.2494049200848,21.5082719198163,3.86084618705974,3,13.604849869895,7.87345617929099,2.00104470579878,26,3,24.6686825053361,24.6686825053361,3.62834849325059,13,87.8206106745892,73.3851082385414,12.9169354848426,9,48.9748371688089,38.5023104779364,7.20337523539016
"15","hostafrancs","2015-20",2658.75071633238,337.287965616046,120.638490926457,1912.96609360076,112.907831900669,174.950334288443,16155,164.577574517634,20.8782399019527,7.46756365994779,118.413252466776,6.98903323433417,10.8294852546235,223,16155,40,185.704931751561,41.1202226975705,76,346.820954457547,76.795778921786,39,176.284495275872,39.0342767717676,NA,NA,NA,66,17,80.7717515344618,18.2586856308107,17.4190145954482,25,114.198602074442,54.5289106106497,24.019651846405,17,75.3553269140398,28.8492704068621,16.4181069090006,19,2,10.2776710572798,5.1388355286399,2.2421517411141,8,39.3425404802042,30.1558920478855,8.10915787983195,7,36.9634724561755,22.0024892617717,8.04468743764526,32,4,19.1089867710854,16.6369715867677,4.23125968783191,19,83.4626409807391,71.0883512532383,18.4809436759964,7,32.3071618885704,22.1127116713,7.15370173023587
"16","la bordeta","2015-20",1129.45463228271,230.928844317096,100.450811843362,582.798949379179,95.5577841451767,119.718242597899,19443,58.0905535299446,11.8772228728641,5.16642554355614,29.9747440919189,4.91476542432632,6.15739559727916,233,19443,40,164.34307972952,38.7867567495564,73,321.760361442994,75.9389497353873,64,268.543666506718,63.3792301237927,NA,NA,NA,70,15,62.9920188575771,13.1852624368996,15.0835477297308,21,88.3540120194711,34.4009292091139,21.7173722022827,23,86.3594842493617,35.7160781184694,20.7899941271353,17,3,12.4298965652688,9.81084908135679,3.12447835556532,4,20.8178082176094,16.9656188413678,4.91322947534063,8,29.2903627798591,14.5843731939195,6.92976804021748,31,1,3.49206331188273,0.873015827970683,0.824164975215056,14,73.4526303692092,59.1751819755685,17.3356207723169,11,46.8584388057845,31.0197620098786,11.0591019142102
"17","sants-badal","2015-20",1589.48853868195,260.664278892073,107.612702960841,965.938872970392,120.968958930277,134.303724928367,24474,64.9460055030624,10.6506610644796,4.39702144973607,39.4679608143496,4.94275389925133,5.48760827524584,268,24474,48,181.408439308546,54.738468837129,102,379.455913433876,114.497626305228,47,172.442310986352,52.0330151238132,NA,NA,NA,56,10,26.6119091659522,7.82339593437346,8.31432576771387,22,80.2133359517878,30.4700924909873,24.7848544074017,19,72.9023646943873,38.3787435739573,22.1692686981191,14,3,10.1684672251775,4.04991937591571,3.06824935183998,5,19.2268665520247,10.1642518806046,5.90775671786485,6,20.1738840472089,14.3634882801831,6.08729961765333,42,10,37.5745323254513,9.99167660954997,11.3377986967198,24,84.8783305783128,41.3349168118152,25.6113214523953,8,26.7548058888275,20.9444101218018,8.07303736238048
"18","sants","2015-20",7197.23256924546,747.080229226361,252.440783190067,5564.13562559694,287.855300859599,345.720630372493,42310,170.107127611569,17.6572968382501,5.96645670503585,131.508759763577,6.80348146678324,8.17113283792231,495,42310,83,160.008404801369,91.3253773562194,141,278.805768527812,159.129403555403,97,195.240012579297,111.433945272885,NA,NA,NA,203,31,57.112878570992,20.5454356824643,32.0073198733029,92,181.886597815861,66.9680991368758,98.9909238386184,63,119.313662902378,40.546065110836,66.1726437818093,41,9,16.5775966319673,9.84585969969931,9.40738388070336,18,40.1552048987136,24.4093299822692,21.2573331887904,14,27.5587420809074,22.449590874579,15.5204290087719,57,8,15.2563164335407,7.4955080489316,8.70759793579967,24,43.4525246339946,31.9137157697117,24.8006860277507,22,43.8695960695576,37.8058753603746,25.038731062226
"19","les corts","2015-20",4587.59455587392,439.163801337154,306.995702005731,3301.89111747851,291.69770773639,247.846227316141,46599,98.4483477300784,9.42431814710946,6.58803197505806,70.8575531122666,6.25974179137728,5.31870270426707,947,46599,100,99.6033130561166,57.4356440735536,218,218.547541690433,126.024109364814,206,213.824330585869,123.300498437001,NA,NA,NA,216,25,25.8548804103485,6.90923168986714,14.9865119567552,65,92.8707771717446,39.9127939489848,54.9966511958955,85,100.896268329222,42.9493953490524,59.2777863254606,62,5,5.62551199077501,4.9522425416008,3.24391724050006,21,31.1546333906283,24.1469014713433,18.2066253008538,32,35.2485169803748,27.7032826674473,20.6914866223255,101,8,10.227716673048,8.6021294216017,5.89775055160436,43,42.1797943863147,34.3902757322241,24.3227216358068,44,44.4339455245097,34.7618704019535,25.6225641660288
"20","la maternitat i sant ramon","2015-20",2838.63896848138,310.931709646609,406.700573065903,1687.53868194842,203.221107927412,230.246895893028,23992,118.316062374182,12.959807837888,16.9515077136505,70.3375576003845,8.47036962018221,9.59681960207685,520,23992,70,112.948442520447,36.7390450458721,149,285.0341094661,92.7138148486592,117,228.74818587243,74.4055404164372,NA,NA,NA,99,13,25.0710992153838,16.3453417111372,8.13031151003852,29,81.1393571975694,34.1799348311674,25.5681691713403,37,91.0198055479303,37.8643619368828,28.5364903691522,32,3,6.35308975874616,3.60287139607714,1.95840773307072,9,24.8849231920791,18.6854918901193,7.91304036966829,16,52.1227793322974,38.0198078290598,16.026083327348,61,5,6.813106313316,5.17292936876335,2.2161174971662,28,53.7732521141637,43.5152276441832,17.4909709917219,24,54.4968373513511,42.7878381966413,17.7263335166965
"21","pedralbes","2015-20",1120.8299904489,122.377268385864,147.097421203438,693.438395415473,94.0425023877746,63.8744030563515,12000,93.4024992040751,10.198105698822,12.2581184336199,57.7865329512894,7.83687519898122,5.32286692136262,236,12000,24,125.966705926317,18.8344093043114,59,234.639106397339,35.0829922572588,84,378.390657064647,56.5765728306941,NA,NA,NA,36,5,70.8616305825937,14.3575695972453,10.6840707869894,7,72.4247608464171,23.1510511050228,10.7686604652818,22,137.009230176568,46.5642252975199,20.6423520797871,15,3,56.7551336571663,30.2300016358486,8.48596785602415,1,5.55689848475799,5.55689848475799,0.834620412538317,10,37.2584863481973,22.7047926030921,5.64191004087067,38,4,60.2291398891414,31.0985031938424,9.0053976118282,8,30.5774485660267,28.35260232766,4.57190793026652,21,75.7898002871235,52.0705319446029,11.3320111786894
"22","vallvidrera, el tibidabo i les planes","2015-20",391.316618911175,33.0014326647564,83.1127029608405,188.416905444126,58.8147086914995,27.9708691499522,4727,82.7832914980272,6.9814750718757,17.582547696391,39.8597219048289,12.4422908169028,5.91725600802882,59,4727,14,243.806157370771,14.4019247699735,24,436.350880633747,25.7757745906392,12,201.327671031546,11.8926691744739,NA,NA,NA,7,2,40.9071943041602,13.0174563187669,2.41643747341154,1,21.077485415325,10.5387427076625,1.24507257144489,4,73.3149606414048,38.6571703676183,4.33080345081417,1,0,0,0,0,0,0,0,0,1,25.4063540718331,25.4063540718331,1.50078408177937,5,0,0,0,0,4,72.1466046837708,72.1466046837708,4.26178725045297,1,25.4063540718331,25.4063540718331,1.50078408177937
"23","sarrià","2015-20",1401.12798471824,156.873925501433,146.796084049666,857.952722063037,147.242597898758,92.2626552053486,25137,55.7396660189459,6.24075766803647,5.8398410331251,34.1310706155483,5.85760424468944,3.67039245754659,269,25137,32,101.521811453391,26.9418900739413,55,190.354513967305,50.5163404490688,57,194.766100561015,51.6870886790092,NA,NA,NA,57,17,53.0650041458522,17.4409660080942,15.0958369443586,14,35.7758279528281,14.5020586530084,10.8912295663275,19,63.29225155316,24.1711511175104,17.1067416624192,20,5,15.1414557626868,5.2656634031327,4.54854362926435,4,9.06915007597114,8.4487398664778,2.76043441346396,11,37.3795690620386,29.8325080402057,9.9198017279577,34,2,5.3470022927998,1.51694835579336,1.41898914071152,12,44.2002567817667,37.8935065488298,11.7298779681552,17,60.9462664552179,53.399205433385,16.1739392525268
"24","les tres torres","2015-20",912.585482330468,101.241165234002,85.7244508118434,581.095988538682,91.4446036294174,53.0792741165234,16671,54.7408963067883,6.07289096238989,5.14213009488593,34.8566965712124,5.48525005275133,3.18392862554876,206,16671,35,172.869252538331,36.0707106567047,54,254.789942902496,53.1641930171268,82,394.305415636073,82.275340171479,NA,NA,NA,40,1,7.59322841672143,1.08474691667449,1.6967307663083,9,39.8603553546463,17.5379631643192,7.90463022717365,24,132.722866830101,74.2078133155859,27.5405666014813,16,0,0,0,0,5,25.9607916868054,20.4159037289295,5.0873215167827,11,51.7092181674361,44.5882497783198,10.7895893538872,56,6,25.7435719312604,16.9132034534,5.3716257851966,19,90.186553907707,41.010182956973,18.8182284782476,29,130.80978416386,81.0545140166476,27.2946276238127
"25","sant gervasi-la bonanova","2015-20",1752.13180515759,166.40305635148,267.922636103152,1069.18624641834,171.759312320917,76.8605539637058,26108,67.1109163918183,6.37364242191973,10.2620896316513,40.9524378128672,6.5788000735758,2.94394645180427,297,26108,38,119.944215995558,35.5772820346352,68,216.681713796401,64.2710978557578,62,189.525504387168,56.216152370269,NA,NA,NA,72,12,35.300274070483,8.73367934401803,10.7229404518414,16,49.716314564767,32.3136018270302,15.4930512369228,38,111.146282238544,50.7488667978261,34.6054405241244,25,1,3.52131898077829,3.52131898077829,1.04447686345878,9,27.9283170157128,24.5706931821704,8.46229311042875,13,36.8447248927237,33.5134872790416,11.1987198827104,45,2,5.82198832605618,5.82198832605618,1.72689044618979,19,57.5523153206133,43.0734880557868,17.070893639286,22,69.0583407853331,59.4514796075526,20.4837561075453
"26","sant gervasi-galvany","2015-20",5222.2564469914,631.395893027698,461.212511938873,3381.35195797517,345.136580706781,403.159503342884,47928,108.960449987302,13.173841867545,9.62302854153883,70.5506584454842,7.20114715211946,8.41177398061435,632,47928,86,126.304423626284,78.6059586718457,163,251.211534940863,156.342295594334,188,284.272076497578,176.917628497679,NA,NA,NA,216,32,53.0459919968619,18.4507689954387,32.4969932186479,64,102.281435476702,44.8583025519098,63.3741705699322,85,134.87765403968,51.1583196237428,83.1609176574465,66,9,16.5586992181722,9.68998984005167,10.2478929075893,23,37.4092776585809,27.9425507777584,23.1105691052438,31,46.2976299461005,37.8816883508043,28.2197135117401,92,11,14.8260592621346,9.57808856480033,9.22704500892213,33,50.6619999985138,39.8927507564137,31.5296563950869,42,60.6882237021262,44.0138043781689,37.7695085194493
"27","el putxet i el farró","2015-20",1415.91738299905,157.721107927412,169.537726838586,862.131805157593,142.363419293219,84.163323782235,29875,47.3947241171228,5.27936762936943,5.67490299041294,28.8579683734759,4.76530273784833,2.81718238601623,378,29875,43,107.170715650388,40.0858081464606,102,266.41686023212,99.6497511604374,64,171.103687789072,63.999102368967,NA,NA,NA,50,7,14.9514883117049,2.6822475024385,5.52185207098782,8,20.3607593472322,9.33616075877599,7.66418642331061,25,62.5572709551307,25.564233933655,23.7607202189488,19,2,3.64025512994987,3.64025512994987,1.30437529763613,4,10.0908878655869,8.10762969774264,3.71890795159528,11,26.8488912319678,21.6153441934206,10.3339746197638,43,4,9.4040153998025,8.37199408109416,3.51744928486421,23,65.4532275270832,56.3167629428258,24.4819259187973,14,37.3504493676354,28.3993437407009,13.9704483491494
"28","vallcarca i els penitents","2015-20",1146.93982808023,114.716809933142,129.34670487106,676.173829990449,120.166189111748,106.53629417383,15902,72.125507991462,7.21398628682822,8.13398974160861,42.5213073821185,7.55667143200527,6.6995531489014,216,15902,21,113.229294161739,20.8279785185041,56,257.584717521034,47.3814572716456,42,181.146484419587,33.3210156799563,NA,NA,NA,26,5,28.7362542605457,10.4658409010917,5.06395649318187,4,18.5365777574948,10.3652082908248,3.8963198800594,12,53.8892638268469,18.0421826031328,9.91266825138291,6,1,5.32253688545869,5.32253688545869,1.09905146548264,1,8.01579562247491,8.01579562247491,1.62889144407851,4,15.993614054539,13.5876704212721,2.94194759781293,24,3,18.0623218603038,18.0623218603038,3.32247634753723,15,69.4391803182397,52.5200464191566,12.7729998382303,6,23.7180652303906,21.3121215971237,4.36282286113533
"29","el coll","2015-20",314.267908309456,53.8285577841452,45.8147086914995,137.059216809933,51.3973256924546,26.1680993314231,7518,41.8020628238169,7.15995714074823,6.09400222020478,18.2308083014011,6.83656899340977,3.48072616805309,114,7518,22,195.66035955185,18.8076947765332,25,207.806088161806,19.9751931755849,15,137.61856232594,13.2284736762211,NA,NA,NA,15,6,51.8032658714943,13.6248193147824,4.39549105018647,1,8.79605148516434,4.39802574258217,0.845513378134231,5,59.7454668713161,20.6194026114441,5.77504608856846,5,3,22.392940111803,7.46431337060099,2.1525033672463,0,0,0,0,1,23.7179595156731,11.8589797578365,2.27986979230067,14,3,22.392940111803,7.46431337060099,2.1525033672463,6,61.3804639336614,41.9692524436498,5.90014775374256,2,33.4181056024629,21.5591258446264,3.21228853724211
"30","la salut","2015-20",1263.71394460363,104.132760267431,118.540592168099,901.554918815664,89.2717287488061,50.2139446036294,13431,94.0893414193753,7.75316508580379,8.82589473368322,67.1249288076587,6.64669263262647,3.73866015960311,218,13431,22,96.307166940284,17.8485116958599,77,341.263477174607,63.2460216330275,55,275.968767136408,51.1450178051691,NA,NA,NA,49,8,37.9299626362821,9.28175720970669,6.83682437519493,11,62.9117990902384,20.7617806093474,11.2607652997712,21,109.433561075201,66.8715068050221,19.9419976420002,11,1,3.74860702926216,1.87430351463108,0.694725621473785,2,13.5821602962694,10.4640929154601,2.23854994381497,7,45.9858501806411,40.1309074865628,8.52251198814896,28,4,20.9092611928703,15.6808551342849,3.87509263131103,13,48.4294933624364,30.8260251759275,8.97538995451907,8,50.656114685369,42.4660397389268,9.38804747510896
"31","la vila de gràcia","2015-20",4834.42693409742,474.708213944604,306.715854823305,3444.758834766,321.962273161414,286.281757402101,50803,95.1602648287979,9.34409806398448,6.03735714078509,67.8062089791154,6.33746576307331,5.63513488183968,713,50803,112,155.586639672557,93.1638137929675,207,287.709254409615,172.277590548533,146,215.221121433668,128.872379554943,NA,NA,NA,230,33,39.601531001029,9.75115211593752,24.9087810065473,97,149.646760199042,67.1681335304157,95.017882303704,62,89.0816869663588,31.6971557368709,57.6860673901641,51,6,7.45858569454895,6.71413828332183,4.77229397027501,26,46.419198955258,38.5155860520812,28.8647235676683,13,18.3628331488093,14.8331783324615,11.5253931300683,81,5,5.61956346134036,4.87511605011324,3.36494164930809,41,63.531132739983,47.5094909887061,38.0418436512327,25,36.0057559078328,29.063697459432,21.5599073669309
"32","el camp d'en grassot i gràcia nova","2015-20",1912.79799426934,222.760744985673,177.712034383954,1226.22063037249,185.803724928367,100.300859598854,35199,54.3423959279906,6.32861004533292,5.04878077172517,34.8368030447596,5.278664874808,2.84953719136492,586,35199,99,191.558095298584,96.7011103970978,194,344.610629325459,173.964094070114,113,205.929651683736,103.956065915488,NA,NA,NA,82,16,27.9066719501382,7.5331326142979,13.7049432528067,22,47.1489086026568,18.7930526959174,21.5746383582553,28,54.9793780827228,23.1291918861244,26.8098084952158,21,3,5.98662993848353,3.86123249064874,2.90008103673346,4,8.41285190490927,6.42558159414272,4.13228709856614,12,20.3143311734366,18.2019919893346,10.1003787358761,73,12,31.4860783591277,18.719639521073,15.8945970653541,42,76.1524659043758,61.2672454432739,38.442791994522,17,29.8318511052016,25.8209090561301,15.0595208340183
"33","el baix guinardó","2015-20",1434.86198662846,190.077363896848,126.18147086915,866.868672397326,149.857211079274,101.877268385864,25990,55.2082334216415,7.31348071938623,4.85500080296845,33.353931219597,5.76595656326564,3.91986411642418,303,25990,42,137.530656637636,44.3255425814414,103,317.221317068161,102.239074117805,73,251.960193984529,81.2056931911222,NA,NA,NA,54,7,22.3051656575701,5.27632117697778,7.39785458255478,9,30.1044627548615,15.0083025731042,9.84891243586478,20,62.2958751623433,28.9824823977352,20.3851499319237,11,0,0,0,0,2,5.13791338775198,3.48463442014037,1.74831033685078,3,10.3159120466674,9.01115488337663,3.32477434391764,42,3,10.4283437021881,9.1057268477042,3.36101058575727,25,83.8605757899484,71.8029237785654,27.0279050064851,7,21.9723044009773,16.1186004460093,7.08157975936972
"34","can baró","2015-20",506.418815663801,69.5042979942693,93.0487106017192,238.875358166189,68.4126074498567,36.577841451767,9247,54.7657419340112,7.5164159180566,10.0625836056796,25.8327412313387,7.39835702929131,3.95564414964496,114,9247,10,83.8038264150625,9.82832061353858,31,272.656985495226,31.9765861011612,19,178.902276251191,20.9812487651819,NA,NA,NA,10,1,6.82852054184414,1.13808675697402,0.800833232470585,0,0,0,0,7,57.1483924338649,28.3947339358143,6.66130911167755,2,0,0,0,0,0,0,0,0,2,13.6460650221123,6.82303251105614,1.60037921760584,20,1,6.82852054184414,2.27617351394805,0.800833232470585,9,80.6383004305046,63.6628566970904,9.45707498410117,8,87.2824489492312,33.0611806737017,10.2362854884353
"35","el guinardó","2015-20",1995.95606494747,291.069245463228,197.373925501433,1134.03724928367,222.110792741165,151.364851957975,37216,53.631665545665,7.82107817775226,5.3034696233188,30.4717661565904,5.9681532873271,4.06719830067646,473,37216,45,89.7578258489549,46.0533925336092,123,253.401287550319,130.016395269145,73,148.34545387814,76.1138246543877,NA,NA,NA,76,9,17.6179336492777,7.46237147144198,8.94024419108528,16,33.4738877130577,15.5593640139741,16.2663313352494,29,64.4386846012304,35.0907493670858,32.5004527574453,21,0,0,0,0,5,10.6017166580408,9.37824449835545,5.35354200841995,10,24.1945706850301,20.8333520004096,12.1558000940669,59,5,12.0919308107861,7.41459839945618,6.20418811230442,36,77.4571545265492,54.1290806073746,39.7421027994868,11,25.8422420951446,22.5704270430995,13.2592663413996
"36","la font d'en fargues","2015-20",513.406399235912,68.3973256924546,73.2855778414518,248.542024832856,76.0883476599809,47.0931232091691,9506,54.0086681291723,7.19517417341202,7.70940225557035,26.1458052632922,8.00424444140342,4.95404199549432,122,9506,11,88.8542370191776,12.269563495767,26,220.669944987491,30.4715227147475,27,207.149653831759,28.6045541110926,NA,NA,NA,27,4,28.0744452594536,10.4931925102838,3.44477998817737,2,15.9098113382795,6.80649339902496,2.196928891287,16,121.324682440014,61.3173387643428,16.2817921028503,16,2,14.176120477772,7.08806023888601,1.69034390063639,0,0,0,0,12,95.6657768929913,69.9948049565312,13.2101446519325,25,0,0,0,0,10,94.7244950640589,53.3664713281725,13.0801664139223,13,106.022833911889,80.3518619754288,14.6403135778693
"37","el carmel","2015-20",1389.01575931232,293.87488061127,137.948901623687,661.378223495702,146.031518624642,149.78223495702,32175,43.1706529700799,9.1336404230387,4.28745614992033,20.5556557419022,4.53866413751801,4.6552365177007,294,32175,39,159.643948683529,50.7378952785317,57,202.464547650567,64.3470992857595,51,172.73907196579,54.8997755078408,NA,NA,NA,58,19,88.1551236478384,19.2216237560856,28.017381609476,13,42.9300580788691,18.8935317292957,14.6791431281225,14,45.1794745255081,24.573896036283,15.4384407876603,22,9,46.5555690193064,10.664558197632,14.7962488087576,7,28.9380419140662,17.7449051792427,9.19706228960958,4,10.7198851452249,10.7198851452249,3.88936177169427,38,12,56.2095988038208,15.4915730898892,17.8644838171106,17,60.8080795374709,37.2368751443945,19.3259688018425,5,17.0008175838541,17.0008175838541,5.40318445723841
"38","la teixonera","2015-20",537.467048710602,97.5057306590258,73.3925501432665,246.333810888252,78.7029608404967,41.5319961795607,11789,45.5905546450591,8.27090768165458,6.22551108179375,20.8952252852873,6.67596580206096,3.5229447942625,122,11789,9,71.9567196543485,9.04322193424294,31,257.857997230348,32.4065230832478,15,134.066061132424,16.848866242015,NA,NA,NA,7,1,10.59555655109,5.29777827554499,1.44489841066561,2,21.0766902855592,3.51278171425987,2.64883097516377,2,19.9581343295378,8.35179531692649,2.50825550417564,2,0,0,0,0,2,21.0766902855592,7.02556342851973,2.64883097516377,0,0,0,0,7,0,0,0,0,6,57.3099544330533,36.2332641474941,7.20247725951096,1,8.53116953223485,8.53116953223485,1.07216198583323
"39","sant genís dels agudells","2015-20",353.504775549188,51.4126074498567,50.4799426934097,158.265520534862,51.3361986628462,42.0105062082139,7394,47.8096802203392,6.95328745602607,6.82714940403161,21.4045875757184,6.94295356543768,5.6817022191255,107,7394,7,52.0595455550939,5.62739346916747,29,268.979957128594,29.0754757449911,14,132.840901667155,14.3594803702031,NA,NA,NA,11,2,18.2290183067656,13.6869609831447,1.84039787566672,2,18.0263388884196,6.06102619116172,1.94856295136764,4,40.2395730568544,22.5751415676211,4.34970970660102,5,1,9.14490365952388,9.14490365952388,0.988521328433589,1,9.76033777988499,9.76033777988499,1.05504687937137,3,28.6633074620702,28.6633074620702,3.09836952084208,11,1,9.14490365952388,9.14490365952388,0.988521328433589,6,54.7362123159361,54.7362123159361,5.9167286312111,4,36.7868417118185,36.7868417118185,3.97648559150992
"40","montbau","2015-20",705.461318051576,80.1098376313276,94.6418338108883,440.212989493792,61.8744030563515,28.6222540592168,5185,136.058113413997,15.4503061969774,18.253005556584,84.9012515899309,11.9333467803957,5.52020329010932,67,5185,6,76.3187927874682,5.4674638797304,10,144.283805391225,10.3364645272024,18,290.112836504017,20.7836287328211,NA,NA,NA,24,4,35.6468439197811,10.745552169895,2.75343526142357,5,84.6067467842058,55.072505292981,5.37448122067583,8,139.267939099109,71.7398789040785,9.34909614323711,5,2,15.7285995333234,7.86429976666169,1.27713850850067,2,39.7210162725672,30.0146244643882,2.60391510132545,1,17.5662005548063,17.5662005548063,1.25843928513075,5,0,0,0,0,2,37.0428555026717,27.3364636944926,2.65374316162121,2,34.9510601989999,34.9510601989999,2.50388734172552
"41","la vall d'hebron","2015-20",560.775071633238,61.6556829035339,131.840496657116,252.06064947469,80.0501432664756,35.1680993314231,5803,96.6353733643353,10.6247945723822,22.7193687156842,43.4362656341013,13.7946136940334,6.06033074813426,88,5803,6,61.9878776674042,5.88323343949919,26,275.348184795708,26.1331361752258,13,145.801300050997,13.837916642104,NA,NA,NA,28,2,23.8807681403464,23.8807681403464,1.81895860612122,8,106.254274121337,57.309141164038,7.73539056690575,9,122.473968485951,69.2072617700864,10.2867724774631,6,0,0,0,0,1,6.46184639369773,6.46184639369773,0.467222970453988,5,59.0119968632158,50.3594504477238,5.60079432207847,12,0,0,0,0,5,41.2471093263795,25.8581030368592,3.91473917164354,7,86.9182031563722,69.6131103253882,8.24935614112253
"42","la clota","2015-20",94.1112702960841,11.4097421203438,31.3118433619866,28.5319961795607,15.8118433619866,7.0458452722063,686,137.188440664846,16.6322771433584,45.6440865335082,41.5918311655403,23.0493343469193,10.2709114755194,8,686,1,99.3231811621908,0.893516071996273,1,99.3231811621908,0.893516071996273,2,298.865491949565,2.68860821106748,NA,NA,NA,1,0,0,0,0,1,118.439900805063,118.439900805063,1.12260719275045,0,0,0,0,0,0,0,0,0,0,0,0,0,0,0,0,0,1,0,0,0,0,0,0,0,0,1,158.977473125902,158.977473125902,1.43016892593673
"43","horta","2015-20",1615.20869149952,274.392072588348,223.609360076409,809.34288443171,178.690544412607,129.173829990449,27482,58.7733313259414,9.98442881116177,8.13657521564692,29.4499266586023,6.50209389464404,4.70030674588636,325,27482,35,118.896282353972,41.7355524152334,77,251.011731326677,88.1113611141691,81,259.78503597753,91.1910092651548,NA,NA,NA,83,14,42.7792186946295,9.96334733907268,15.4007166462647,24,75.3207553679653,33.2391157630477,25.0862218281403,26,84.048972925472,38.4279551901668,29.3247295915298,28,5,18.6803954518611,7.66480546655331,6.55728344135558,7,21.7228550742137,9.74301357576117,7.02440770471584,11,38.9252516370697,31.5335551997276,13.6077785228128,42,6,21.7245087309142,8.67950989290436,7.62584291857784,17,55.0943645178674,36.8919458752921,19.3394923087149,14,43.6107507478656,31.8309223582919,15.3084582433491
"44","vilapicina i la torre llobeta","2015-20",1630.22301814709,260.885864374403,103.741165234002,985.035816618911,115.15711556829,165.40305635148,25895,62.955127173087,10.0747582303303,4.0062237974127,38.0396144668435,4.44707918780809,6.38745149069243,356,25895,43,124.792729005463,45.3872079488658,104,301.401996885024,109.620129456622,69,206.416745610609,75.0739232311101,NA,NA,NA,71,7,20.8366494288418,9.6668896599085,7.60326917077458,22,69.3743228239182,26.7490108287216,23.7767288161431,27,92.4525500944525,36.547249931847,32.8988442768058,16,1,2.82031951260149,2.82031951260149,1.02575229519249,7,19.6328781934237,14.9204044193584,7.14049233718309,6,16.6291754191804,16.6291754191804,6.01640638358556,38,4,12.5735624001121,9.28252155646592,4.57301395570048,23,67.3922507804095,57.3048970562383,24.5106115131008,9,26.0658428366526,23.318665275954,9.48016634156481
"45","porta","2015-20",1776.31375358166,278.037249283668,164.439828080229,1049.1953199618,139.021012416428,145.620343839542,26557,66.8868378800942,10.4694524714263,6.19195798020218,39.5072982626726,5.23481614702067,5.48331301877251,345,26557,33,104.872803875647,37.3307497175019,77,224.669024340344,79.9736710279025,78,213.015503711351,75.8254586615724,NA,NA,NA,100,11,32.6255756209475,16.9567028424703,11.4479462074481,23,68.6419991192926,28.6183454698205,23.7629110047975,51,144.337809297503,48.5511875868614,50.1489414593015,29,0,0,0,0,12,36.5265273916034,23.8748535643302,12.7551253447029,14,42.4321377184594,33.1763992470639,14.9168502781984,45,3,12.2891168732206,9.73653635615174,4.37446057785681,21,61.0363334629774,45.3820650588325,21.7266250541196,16,46.2201247136454,40.150128984145,16.4526153953389
"46","el turó de la peira","2015-20",900.852913085005,194.849570200573,59.7765042979943,413.577841451767,89.3758357211079,143.273161413563,15825,56.9259344761456,12.3127690490094,3.7773462431592,26.1344607552459,5.6477621308757,9.05359629785545,186,15825,22,117.440830932907,22.3415192438521,59,318.732650369988,60.6345475020794,23,119.945196344066,22.8179406688588,NA,NA,NA,42,6,30.2544932707252,16.9765567996382,5.82561071209101,15,75.4141641205777,52.8921659812725,15.356320892673,10,48.7596722483087,30.6755101676624,9.59385271526813,9,0,0,0,0,4,21.7750577076651,17.7890925396458,4.49428633245524,2,10.9829515036161,10.9829515036161,2.08935700150583,18,0,0,0,0,14,80.8780675157618,65.9945444227871,15.3859512697185,2,10.9829515036161,10.9829515036161,2.08935700150583
"47","can peguera","2015-20",130.053008595989,39.7063037249284,15.5687679083095,40.7230181470869,14.5840496657116,19.4708691499522,2247,57.8785084984373,17.6708071762031,6.92869065790363,18.1232835545558,6.49045378981378,8.66527331996095,22,2247,2,109.904289527294,2.5731656716141,5,210.903919145434,4.93784844147632,6,283.517166755165,6.63792690845346,NA,NA,NA,7,1,37.4340279163342,3.40309344693947,0.876434905305805,2,84.3615676581738,8.43615676581738,1.97513937659053,3,106.345472019214,8.80127039648916,3.24543662961632,1,1,37.4340279163342,18.7170139581671,0.876434905305805,0,0,0,0,0,0,0,0,1,1,37.4340279163342,18.7170139581671,0.876434905305805,0,0,0,0,0,0,0,0
"48","la guineueta","2015-20",959.277936962751,187.485673352436,72.8973256924546,554.053008595989,67.8744030563515,76.9675262655205,15398,62.2988658892551,12.1759756690762,4.73420740956323,35.9821410959857,4.40800123758615,4.99854047704381,234,15398,46,185.4734289556,44.7244697905655,56,245.574650015837,59.2170861228388,67,263.448968939884,63.5272422527331,NA,NA,NA,67,21,107.229139044924,32.0173195720795,21.2801195579774,11,55.0877046361643,37.7994010562345,11.1081453335821,23,107.02090895138,38.0814771600064,23.736001296564,13,2,11.3492826485367,11.3492826485367,2.73672973976547,4,23.9278302228449,20.246312189359,4.59218024977818,4,15.9054934951986,13.612207488905,3.8353998593531,33,5,19.6690230455782,17.0208613174225,4.7429253449694,15,64.9709812631542,35.4505367301962,15.6668947413645,4,15.9054934951986,13.612207488905,3.8353998593531
"49","canyelles","2015-20",479.327125119389,68.0792741165234,106.762655205349,205.676695319962,60.0945558739255,38.7139446036294,6884,69.629158210254,9.88949362529393,15.5088110408699,29.8774978675133,8.7295984709363,5.62375720564053,82,6884,4,53.3870414728708,4.20894763616534,9,92.2883776676678,7.27586579652017,16,187.665975237366,14.795280672471,NA,NA,NA,18,2,8.95882138205738,3.7666229179682,0.919419979974224,4,44.8946856794033,22.9335197230103,4.00081502991079,7,83.4941334284932,52.3472290284962,6.58254186469781,7,1,2.85115109224196,0.950383697413987,0.260980852900651,1,12.5271526418364,12.5271526418364,1.35049324190966,3,40.0298106740751,31.2855078074462,3.15588525538377,10,0,0,0,0,2,26.2329085998869,8.74430286662895,2.06815990538346,6,76.6484125470667,57.2782248796129,6.04283634952388
"50","les roquetes","2015-20",862.470869149952,184.889207258835,126.839063992359,313.602674307545,108.134192932187,129.005730659026,16250,53.0751304092278,11.3777973697744,7.80548086106825,19.2986261112336,6.65441187274998,7.93881419440159,153,16250,23,148.031773074448,22.7634176574139,56,328.58487002383,50.5277649312343,42,271.285997785557,41.7166959764455,NA,NA,NA,37,8,43.39653486492,10.1027416127447,6.67325282605304,11,55.3703206268405,20.3483164093986,9.14077747733216,13,79.2021499976338,41.1853557794039,12.4973261433315,9,2,13.146396137344,7.97829360845909,2.02157212434167,1,5.20968879121171,5.20968879121171,0.801113972740561,5,34.1191931706779,22.6745803891921,5.42971304400245,30,12,82.5682377508741,35.0239462535008,12.696836916319,9,52.9828151870059,45.2531226748464,8.14737218719143,5,34.016033084591,23.495123648912,5.23077682629348
"51","verdun","2015-20",632.367717287488,157.90305635148,52.9035339063992,270.044890162369,64.3209169054441,87.1953199617956,12578,50.2756970335099,12.5539081214406,4.20603704137377,21.4696207793265,5.11376346839276,6.93236762297628,145,12578,24,147.360500815924,22.254095510848,51,362.548651045733,54.7513903863509,24,150.026317279781,22.6566819154312,NA,NA,NA,32,8,55.9110584507752,22.8154152472506,7.73694649059465,11,65.4093173727503,22.1336341038726,9.75543125782646,4,22.9363903834183,15.7609957794835,3.46380895450598,11,3,26.2610807679685,13.1305403839843,3.29446648344679,3,14.6994221969244,11.5841862446121,2.13760152196845,2,11.4550925746623,11.4550925746623,1.72992574557396,16,1,7.88907718091542,7.88907718091542,1.19139305379974,9,57.4729786598668,43.100200997272,8.67945717684063,3,18.0711925160231,18.0711925160231,2.72907625869742
"52","la prosperitat","2015-20",1330.0582617001,270.202483285578,145.309933142311,639.624641833811,144.678605539637,130.242597898758,26834,49.566157177465,10.0694075905783,5.4151424738135,23.8363509664534,5.39161532159339,4.8536408250264,301,26834,29,100.980093770027,31.4758587315443,58,209.165032725312,65.1974936429989,51,184.730108560239,57.5810398210465,NA,NA,NA,37,5,15.6423193363205,5.20218204631321,4.70344000520658,10,32.5851980738607,16.6708508991648,10.5180781059634,14,50.4244895654939,26.7077170379887,15.5220398051613,12,1,3.31751046029023,1.65875523014511,1.03407995269173,3,9.74320200318778,8.08444677304266,3.24510206114009,5,21.3820850698365,16.2000074919507,6.66487288649958,28,3,9.40779286873881,6.28882157657596,2.93244290291942,9,29.5200804337031,18.6256777034611,9.20151533619257,14,59.9884214237506,34.525077816093,18.6986069013017
"53","la trinitat nova","2015-20",758.514326647564,119.710601719198,142.779369627507,268.020534861509,119.777936962751,108.2258834766,7620,99.5425625521738,15.7100527190548,18.73745008235,35.1732985382558,15.7188893651904,14.2028718473228,124,7620,27,332.708963529412,26.5921545437473,38,309.46663069417,24.7344838030631,38,376.370052062928,30.0818183072812,NA,NA,NA,47,4,49.5920145735122,13.5480540222814,3.96369999078196,8,80.5986111716269,29.977108932144,6.54337817884181,16,118.813075234135,58.2439829340952,10.0532985816363,11,1,10.3782458613239,10.3782458613239,0.829493485566807,2,30.3489024301101,30.3489024301101,2.58030729684737,6,44.1472631569755,34.2705536694822,3.83363190736025,20,4,33.1925284651058,22.2269728736783,2.65295180892774,9,62.0861699962036,59.5336096470513,4.9623100323309,5,33.5156940257692,23.638984538276,2.67878119579251
"54","torre baró","2015-20",252.754536771729,60.9202483285578,33.365329512894,84.8973256924546,34.1910219675263,39.3806112702961,2931,86.2349153093582,20.7847998391531,11.3835992879202,28.9653107104929,11.66530943962,13.435896032172,58,2931,14,227.980702331662,8.88508235199727,17,259.948177365073,10.1309494159739,26,470.532508764158,18.3380437331024,NA,NA,NA,17,0,0,0,0,1,28.0767917941907,28.0767917941907,0.988053744330623,10,174.400368316095,59.0050229612545,6.79689824120679,4,0,0,0,0,0,0,0,0,4,60.1263071159509,42.6283255219104,2.34330004593774,13,2,30.0271020772788,8.06481384864397,1.17024499012344,4,86.1868247057847,37.2607518215455,3.35895550516382,6,112.422823425729,77.4268602376484,4.3814499831152
"55","ciutat meridiana","2015-20",599.409264565425,136.459885386819,79.2612225405922,194.511461318052,76.2841451766953,112.892550143266,10864,55.1739013775244,12.5607405547514,7.29576790690281,17.9042214026189,7.02173648533646,10.3914350279148,195,10864,34,229.007687846838,28.6646510894331,58,335.913264436994,42.0459095147878,21,126.859256166975,15.8788394821198,NA,NA,NA,34,12,82.9831600906527,42.6123829653748,10.435541523127,8,64.8545728779626,39.0445261300549,7.68064533958683,6,50.68590792525,13.2673131387281,6.34430171095448,7,3,23.9666956161265,13.0577294219577,2.99988604776614,0,0,0,0,4,35.1343555360175,20.2584650816983,4.39773027779574,17,5,25.6808584527467,14.7718922585779,3.21444600461376,7,40.0043274309108,34.5498443338264,5.00729953066652,4,35.1343555360175,20.2584650816983,4.39773027779574
"56","vallbona","2015-20",85.8314231136581,16.1222540592168,8.24307545367717,30.6986628462273,12.7889207258835,17.9785100286533,1407,61.0031436486553,11.4586027428691,5.85861794859785,21.8185237002326,9.0894958961503,12.7779033608055,18,1407,1,76.3223619159672,0.910309205897071,4,264.824946061262,3.15861014123474,0,0,0,NA,NA,NA,0,0,0,0,0,0,0,0,0,0,0,0,0,0,0,0,0,0,0,0,0,0,0,0,0,0,0,0,0,0,0,0,0,0,0,0,0,0,0
"57","la trinitat vella","2015-20",756.353390639924,157.828080229226,95.9216809933142,261.135148042025,92.8758357211079,148.59264565425,10337,73.1695260365603,15.2682674111663,9.27945061365137,25.262179359778,8.98479594864157,14.374832703323,142,10337,33,218.749954088462,19.5823021474752,51,407.927671975843,36.5173239017765,40,279.541855167389,25.0243392898719,NA,NA,NA,35,11,64.0963612423168,23.6384740172405,6.06653476519711,3,19.2745724175765,16.3763767636665,1.37202560312043,12,77.2570430855999,32.5488186313516,7.18524269609901,13,2,2.7632007249862,1.64933573371021,0.247359281588331,0,0,0,0,5,42.4749820646785,24.8741747081668,3.80232277517536,23,4,23.1430753043375,22.0292103130615,2.07174760387853,6,44.6312829112619,38.4499751803445,3.99535291716834,5,42.4749820646785,24.8741747081668,3.80232277517536
"58","baró de viver","2015-20",254.624641833811,62.3591212989494,50.2215854823305,88.6251193887297,35.6910219675263,17.7277936962751,2604,97.7821205198967,23.9474352146503,19.2863231498965,34.0342240356105,13.7062296342267,6.8079084855127,23,2604,6,124.795325849952,1.81372747584911,4,139.324912167613,2.02489491932169,5,217.219309411761,3.15698225940593,NA,NA,NA,5,1,17.0660692166523,4.26651730416306,0.248031714586823,0,0,0,0,0,0,0,0,0,0,0,0,0,0,0,0,0,0,0,0,0,2,0,0,0,0,2,23.1337111767168,11.5668555883584,0.336216499246275,0,0,0,0
"59","el bon pastor","2015-20",3400.24307545368,320.394937917861,549.829035339064,2115.08452722063,242.153772683859,172.780802292264,13126,259.046402213445,24.4091831416929,41.8885445176797,161.137020205747,18.4484056592914,13.1632486890343,219,13126,36,197.90950868456,27.7708609587565,38,200.018177338706,28.0667514613989,72,329.996645388714,46.3054605958962,NA,NA,NA,137,27,102.208903291737,28.357577716265,14.5521695447446,32,199.276738800082,69.1598991445834,31.5746252927813,38,195.743428448409,97.6966535815173,28.9870532802566,29,5,13.7434757888884,10.9170620747142,2.05620553764714,13,91.3260187931644,55.5242491237242,14.8684365209272,6,32.4640972255052,25.3758110369932,4.73363290360365,20,3,9.50385521762714,9.50385521762714,1.33359050595969,7,36.0705924324903,22.3831387560128,5.0614617448182,7,36.7850981722419,33.6040635494874,5.16172190758027
"60","sant andreu","2015-20",3508.15759312321,537.563992359121,299.457975167144,1912.47612225406,475.55635148042,283.103151862464,57961,60.5261743779992,9.27458105207159,5.16654259186598,32.9959131528797,8.20476443609359,4.88437314508832,766,57961,91,118.094259706614,85.8587424560731,192,245.46052558551,178.458564385228,162,210.527845651454,153.061259069883,NA,NA,NA,155,23,32.0757012508079,11.959351576784,23.3653522499729,45,57.2207184670846,26.3691732242857,41.8307289097065,47,61.0481945700693,24.4220234188748,44.1502669619746,53,8,10.476690261879,7.10056784391242,7.32228901449099,13,17.4391534937945,12.9122299370453,12.5313997034091,22,28.2669896124578,18.1879520641003,20.5511105042185,104,13,14.8562906603911,7.26653202020311,10.8010536399649,46,61.4842675271236,32.9267941433978,44.7012573162007,34,43.6580459645918,25.5946126557697,31.740957891786
"61","la sagrera","2015-20",2172.96561604585,323.55253104107,178.53629417383,1303.06924546323,199.176695319962,168.630850047756,29400,73.9103951036002,11.0051881306486,6.07266306713707,44.3220831790214,6.77471752788986,5.73574319890325,439,29400,53,117.942215709652,49.4299441989989,126,272.39176951575,114.160225720841,85,205.303169289011,86.0431876811259,NA,NA,NA,107,26,62.4476778835855,22.0656273913273,25.1127743967732,32,72.3333365558593,31.5900110018173,27.9033939822374,32,74.3872751184146,33.2901757835304,30.6778535132823,28,8,17.426278635512,10.6145146360682,7.14305104777775,9,21.8917464011004,18.7467985805078,8.17659867059943,8,16.9200418802171,15.8663946932711,7.09124142658794,57,7,15.37389553898,11.4709223032651,6.44324675469724,27,56.6699588992088,46.1925940839829,23.7505535171848,13,29.6049610028138,24.8270983420432,12.4075299211363
"62","el congrés i els indians","2015-20",950.874403056352,166.803724928367,77.0119388729704,529.648042024833,101.164756446991,76.2459407831901,14557,65.3207668514358,11.4586607768336,5.29037156508693,36.3844227536466,6.94956079185213,5.23775096401663,203,14557,28,130.693436937428,25.2040517068605,53,238.574841172865,46.0088339076721,54,259.816150570564,50.105191559031,NA,NA,NA,54,8,48.2644833936096,14.3847108943797,9.18146925160946,15,83.4343069041888,29.1827705166929,16.6525383719075,23,111.8508800965,50.0262985262596,21.8651564436777,15,0,0,0,0,6,36.1976854779882,23.007891179451,7.15254039608701,8,39.4153395318274,36.1480398174301,7.55353271701457,24,4,21.5120046438245,15.6969462037132,4.14856086171153,7,31.4728784424088,29.3080295086591,6.06950183738751,10,45.1058947674166,42.6830222858196,8.69861050900719
"63","navas","2015-20",1365.2917860554,220.769818529131,107.869627507163,823.224928366762,106.664756446991,106.762655205349,22279,61.2815559969207,9.90932351223712,4.84176253454658,36.9507127055416,4.78768151384673,4.79207573074862,316,22279,48,148.160199244426,44.0140355138221,117,368.545580805821,109.484047434958,67,211.919931847646,62.9551759109149,NA,NA,NA,70,15,46.042450775487,14.8853575354672,13.636934765354,17,54.0985944682887,28.0739754542158,15.9805476547101,29,102.62512970221,42.4772227256847,30.6840885939686,25,5,17.4444256982213,9.73030899670311,5.14674094190019,6,22.1016616512453,18.7369785137063,6.65818636962071,11,38.785912513414,30.2405362732444,11.7072328637313,43,5,17.9375486969981,7.98216889027627,5.32871789729512,21,66.1843494954946,56.3225875190025,19.6614227303255,14,44.6168897875365,34.4518105999899,13.2543650834675
"64","el camp de l'arpa del clot","2015-20",2526.30229226361,390.006208213945,205.615568290353,1539.40974212034,236.670487106017,154.600286532951,39034,64.7205588016501,9.99144869124211,5.2676017904994,39.4376631172912,6.06318817200433,3.96065703061309,412,39034,73,175.900155031076,94.255614168772,184,425.108944638071,227.79345850162,109,265.258155218614,142.137852743728,NA,NA,NA,100,20,48.7394513402101,11.5144664562733,25.8858479417082,29,70.2499735976395,22.7161635395118,37.2005898779839,39,96.6914522448604,40.4180350034917,51.4169329343234,24,5,11.7882090349473,4.71533489706643,6.31667938179208,6,17.8939282554411,13.4693995234313,9.64816685625738,13,34.0187581433725,27.8996037305108,17.8756740687892,50,8,18.045249553587,8.68611868232201,9.66949733046914,25,61.3386032629553,49.1925770865237,32.868121814805,17,42.9772809634447,34.0686638772277,23.0292577729548
"65","el clot","2015-20",2143.25310410697,359.968003820439,162.575931232092,1296.19961795606,172.849570200573,151.659980897803,27172,78.8772671907468,13.247755182557,5.98321548771131,47.7035042674836,6.36131201974728,5.58148023324758,264,27172,33,123.538776652924,41.550601187696,111,392.14654472568,131.893200891949,60,227.369796357332,76.4727641517206,NA,NA,NA,91,14,46.5474511656182,17.0557735344781,15.8330063804958,44,159.195520992594,59.989332228725,55.3544397580507,25,78.1216513582955,24.1744744661429,26.4417502508225,19,2,6.06166367699066,2.02055455899689,2.13875502611935,10,40.8439161745685,30.4477797676881,14.0690267044604,6,19.9837275142099,13.2265155302359,6.75223568647708,30,0,0,0,0,18,73.7353877413809,48.6843017942256,24.7999030949585,10,42.3220995987241,25.1962840328623,14.2344673429378
"66","el parc i la llacuna del poblenou","2015-20",3865.28462273161,429.772683858644,265.367717287488,2766.15759312321,208.485673352436,195.500955109838,15713,245.992784492561,27.3514086335292,16.8884183343402,176.042613958074,13.268355715168,12.4419878514502,158,15713,24,140.511911022246,28.1975161210307,58,398.509619131293,79.9717356919398,41,255.022035188722,51.1770703005637,NA,NA,NA,145,29,160.160149513601,40.379389476672,32.1647576028765,49,261.214354800551,110.063315559461,50.4184811404521,32,194.484365136664,85.9973191372376,37.0318078578449,34,4,20.6843531305354,11.8874897507998,4.15147273974475,15,65.9412546399073,45.967860839103,13.5704046759054,13,75.6903192202136,65.8289670246918,13.8576909809041,13,2,10.8494222000274,8.5559139149724,2.17723006657212,6,40.5983313264855,38.6966403236526,8.147153460067,5,28.7882702289883,26.4947619439332,5.77714521119824
"67","la vila olímpica del poblenou","2015-20",3351.83858643744,517.160936007641,518.325692454632,1813.43600764088,213.184336198663,289.731614135626,9348,358.562108091297,55.3231638861404,55.4477634204784,193.99187073608,22.8053419125656,30.9939681360318,106,9348,23,187.616041474674,25.0912912789339,42,377.204955311097,50.4464294799951,38,371.515295828363,49.6855089199132,NA,NA,NA,98,13,125.241161284887,31.1424390637433,14.6739023359843,51,433.431030266822,148.168014066987,51.8189478070549,25,230.005765299948,113.917798047972,29.3864900390451,27,6,58.8275680843313,52.7351168354594,7.15788304964973,10,84.3892078073871,51.9677201171356,10.0724087173466,10,84.2161785122225,68.1913992251295,10.7397081813985,17,1,6.50071810910141,6.50071810910141,0.869389473925778,3,24.3050650589727,9.80330072003182,3.25049746362144,12,112.123462457363,81.8113830530293,14.9951061412842
"68","el poblenou","2015-20",3252.29369627507,392.113180515759,466.047277936963,1906.57067812798,311.251193887297,176.311365807068,34170,95.1797979594695,11.4753637844823,13.6390774930337,55.79662505496,9.10890236720214,5.15982925979127,329,34170,45,132.166337755665,53.9187233190772,103,296.848501296367,121.102638393985,81,239.316111580948,97.6316619288139,NA,NA,NA,105,17,46.887907730721,10.1888141210242,19.8688863914019,31,88.7314544794085,27.1798483780337,35.7494157845002,37,112.184978288574,48.0317679768549,45.945085867616,23,3,7.03948985027331,6.19785700461358,2.97964582752502,8,22.1705126690576,15.8052252765739,9.23548818048178,10,26.8036972322091,22.5857912297287,11.1738344583633,35,3,9.53218186733156,9.53218186733156,3.88875931238963,19,58.6475591585013,37.4934082018687,23.9259222076077,11,31.2687094113911,27.0508034089106,12.7564167996715
"69","diagonal mar i el front marítim del poblenou","2015-20",3112.6700095511,261.323304680038,503.238777459408,2032.41499522445,193.230181470869,122.462750716332,13625,228.452844737695,19.1796920866083,36.9349561438098,149.168073043996,14.1820316675867,8.98809179569412,128,13625,12,95.3542160955736,15.1329972659523,43,315.88423816943,50.1317666728457,35,290.224674143522,46.0595176612196,NA,NA,NA,87,6,37.4263892579506,20.5091694566688,6.22311791305521,39,248.787928447075,77.9985908582162,40.5252893335142,25,170.20274932165,71.446352142411,28.3060799642635,20,2,16.5805906192759,12.2703119378604,2.87566983481867,8,42.4168661834376,36.4002299861347,6.81074492431561,5,31.266683934816,21.5768660517433,5.11071051350593,18,2,15.4396604667178,15.4396604667178,2.45031996693136,7,58.9360200515153,35.9611100988617,9.35332140334268,5,36.3838718135378,22.1692677185554,5.77422850529403
"70","el besòs i el maresme","2015-20",3171.79656160458,474.968003820439,383.341451766953,1767.51671442216,275.835243553009,270.135148042025,24660,128.621109554119,19.2606651995312,15.5450710367783,71.6754547616447,11.1855329907952,10.95438556537,224,24660,36,107.397532285686,24.1056645244709,69,278.409783655307,62.4898235768853,59,254.822190706039,57.1955249978236,NA,NA,NA,89,24,72.7372157025673,17.7393743048879,18.5128696619764,28,95.0176281559644,42.0159626909227,26.069674927078,20,109.259613172771,39.6746421577381,25.7972401944635,22,7,19.9664658201845,10.7425495896844,5.03031447230279,5,19.5026279340777,7.80009963877555,5.56138333826637,6,33.7496771256491,27.9636509547477,7.98936601308095,31,6,20.1370673688332,10.0685336844166,4.51981884656823,8,27.0548417803395,15.5243501461584,6.07253189006863,13,56.5030677006477,40.5787431771463,12.6822652774939
"71","provençals del poblenou","2015-20",1327.44603629417,204.358643744031,235.258834765998,632.260744985673,168.153772683859,87.4140401146132,21303,62.3126337273705,9.59295140327797,11.0434602997699,29.6794228505691,7.89343156756601,4.10336760618754,210,21303,23,106.490932103781,28.7877704177444,71,316.34284270888,85.5171886402951,61,311.979234037699,84.3375711636029,NA,NA,NA,44,6,27.4058788606628,7.29502065206463,6.84597707193865,9,34.0297699014572,20.5963083981956,9.34569231948115,17,82.5456239272837,44.0416189039792,21.9725779513892,8,1,3.10549379234279,3.10549379234279,0.864097300106858,1,3.12565306847647,3.12565306847647,0.954953368019106,4,21.5851694778233,18.4923133211117,5.83513442017868,20,1,4.63928423506752,4.63928423506752,1.25414105054155,8,32.7445003215772,28.635026158531,8.85184436908366,8,43.1074096887446,31.6564045834234,11.6532571262861
"72","sant martí de provençals","2015-20",1420.37870105062,254.705348615091,137.082139446036,795.093600764088,146.591212989494,86.9063992359121,26168,54.2792227549152,9.73346639464578,5.23854094489591,30.3841944651516,5.60192651289719,3.32109443732468,285,26168,36,116.368917878852,40.6867975174107,80,271.895650600367,95.0645884097565,57,197.645395603161,69.104004211212,NA,NA,NA,78,16,56.6601693205254,19.0549222686044,19.7761253208174,28,110.404091393565,46.9826455676222,37.7949923146871,19,61.2003009255694,25.1196572105246,21.453143506945,22,7,28.3195495642217,15.6682274974528,9.86721597834923,7,23.5106556279697,18.8754561231954,8.03835094644703,8,28.0171256164567,16.0571207939901,9.79580404935432,38,8,30.3837198068871,18.7135149311111,10.6232512782799,16,51.9496692595591,41.8084435225945,18.1634899833013,12,41.9269572003738,28.4831367005559,14.6591860543783
"73","la verneda i la pau","2015-20",1835.12989493792,345.553963705826,261.278892072588,834.406876790831,267.058739255014,126.831423113658,28883,63.5366788400761,11.9639221585648,9.04611335638917,28.889203918943,9.24622578177524,4.39121362440391,382,28883,44,128.845300781262,48.6073673074265,111,323.224262481014,121.937551108356,69,209.675538154194,79.10087396781,NA,NA,NA,76,18,55.0113369128681,21.5014479844183,19.3659943714079,18,50.1062872436953,19.513829300762,18.2322047082659,22,67.547979595964,26.9349239448721,25.4827256810056,23,6,15.4377310990534,9.03208910388138,5.18591810252252,5,12.1886645340324,6.91206761909793,4.62590974187019,7,29.0340110188771,17.4990008516492,10.9531882765232,46,9,22.6142546532272,18.1643538790003,8.53131139162934,23,65.8717874468889,43.5838970719385,24.850375979667,8,29.9592805010671,17.9616355927442,11.3022496183529
